sample,time_s,time_from_trigger_s,IR_raw,MP2_AO_raw,MP2_DO
0,0.000,-3.000,0,1,0
1,0.050,-2.950,0,0,0
2,0.100,-2.900,0,0,0
3,0.150,-2.850,0,0,0
4,0.200,-2.800,0,0,0
5,0.250,-2.750,0,2,0
6,0.300,-2.700,0,0,0
7,0.350,-2.650,0,0,0
8,0.400,-2.600,0,0,0
9,0.450,-2.550,0,0,0
10,0.500,-2.500,0,0,0
11,0.550,-2.450,0,0,0
12,0.600,-2.400,0,0,0
13,0.650,-2.350,0,0,0
14,0.700,-2.300,0,0,0
15,0.750,-2.250,0,1,0
16,0.800,-2.200,0,1,0
17,0.850,-2.150,0,0,0
18,0.900,-2.100,0,0,0
19,0.950,-2.050,0,0,0
20,1.000,-2.000,0,0,0
21,1.050,-1.950,0,0,0
22,1.100,-1.900,0,0,0
23,1.150,-1.850,0,0,0
24,1.200,-1.800,0,0,0
25,1.250,-1.750,0,7,0
26,1.300,-1.700,0,0,0
27,1.350,-1.650,0,0,0
28,1.400,-1.600,0,0,0
29,1.450,-1.550,0,0,0
30,1.500,-1.500,0,2,0
31,1.550,-1.450,0,0,0
32,1.600,-1.400,0,0,0
33,1.650,-1.350,0,1,0
34,1.700,-1.300,0,3,0
35,1.750,-1.250,0,10,0
36,1.800,-1.200,0,14,0
37,1.850,-1.150,0,16,0
38,1.900,-1.100,0,22,0
39,1.950,-1.050,0,22,0
40,2.000,-1.000,0,43,0
41,2.050,-0.950,0,48,0
42,2.100,-0.900,0,64,0
43,2.150,-0.850,0,71,0
44,2.200,-0.800,0,83,0
45,2.250,-0.750,0,100,0
46,2.300,-0.700,0,112,0
47,2.350,-0.650,0,133,0
48,2.400,-0.600,0,146,0
49,2.450,-0.550,0,181,0
50,2.500,-0.500,0,206,0
51,2.550,-0.450,0,232,0
52,2.600,-0.400,0,262,0
53,2.650,-0.350,0,288,0
54,2.700,-0.300,0,319,0
55,2.750,-0.250,0,351,0
56,2.800,-0.200,0,384,0
57,2.850,-0.150,0,422,0
58,2.900,-0.100,0,462,0
59,2.950,-0.050,0,493,0
60,3.000,0.000,0,551,0
61,3.050,0.050,0,588,0
62,3.100,0.100,0,625,0
63,3.150,0.150,0,662,0
64,3.200,0.200,0,699,0
65,3.250,0.250,0,736,0
66,3.300,0.300,0,782,0
67,3.350,0.350,0,825,0
68,3.400,0.400,0,854,0
69,3.450,0.450,0,912,0
70,3.500,0.500,2,972,0
71,3.550,0.550,7,1007,0
72,3.600,0.600,21,1053,0
73,3.650,0.650,48,1088,0
74,3.700,0.700,73,1119,0
75,3.750,0.750,102,1149,0
76,3.800,0.800,132,1174,0
77,3.850,0.850,163,1202,0
78,3.900,0.900,197,1230,0
79,3.950,0.950,227,1260,0
80,4.000,1.000,263,1285,0
81,4.050,1.050,298,1307,0
82,4.100,1.100,331,1332,0
83,4.150,1.150,364,1355,0
84,4.200,1.200,395,1375,0
85,4.250,1.250,427,1401,0
86,4.300,1.300,463,1420,0
87,4.350,1.350,496,1437,0
88,4.400,1.400,535,1456,0
89,4.450,1.450,575,1471,0
90,4.500,1.500,612,1486,0
91,4.550,1.550,647,1499,0
92,4.600,1.600,684,1513,0
93,4.650,1.650,718,1525,0
94,4.700,1.700,752,1535,0
95,4.750,1.750,789,1555,0
96,4.800,1.800,818,1569,0
97,4.850,1.850,847,1579,0
98,4.900,1.900,864,1590,0
99,4.950,1.950,879,1600,0
100,5.000,2.000,890,1607,0
101,5.050,2.050,898,1616,0
102,5.100,2.100,900,1626,0
103,5.150,2.150,895,1634,0
104,5.200,2.200,894,1647,0
105,5.250,2.250,886,1654,0
106,5.300,2.300,879,1662,0
107,5.350,2.350,873,1671,0
108,5.400,2.400,863,1681,0
109,5.450,2.450,848,1694,0
110,5.500,2.500,842,1699,0
111,5.550,2.550,832,1712,0
112,5.600,2.600,817,1719,0
113,5.650,2.650,807,1732,0
114,5.700,2.700,791,1750,0
115,5.750,2.750,783,1761,0
116,5.800,2.800,767,1776,0
117,5.850,2.850,752,1790,0
118,5.900,2.900,747,1803,0
119,5.950,2.950,731,1808,0
120,6.000,3.000,720,1823,0
121,6.050,3.050,718,1840,0
122,6.100,3.100,714,1849,0
123,6.150,3.150,709,1860,0
124,6.200,3.200,710,1869,0
125,6.250,3.250,707,1879,0
126,6.300,3.300,704,1881,0
127,6.350,3.350,703,1889,0
128,6.400,3.400,700,1901,0
129,6.450,3.450,697,1904,0
130,6.500,3.500,701,1911,0
131,6.550,3.550,705,1915,0
132,6.600,3.600,719,1922,0
133,6.650,3.650,726,1931,0
134,6.700,3.700,732,1935,0
135,6.750,3.750,737,1936,0
136,6.800,3.800,734,1939,0
137,6.850,3.850,733,1947,0
138,6.900,3.900,734,1950,0
139,6.950,3.950,737,1955,0
140,7.000,4.000,752,1962,0
141,7.050,4.050,767,1965,0
142,7.100,4.100,803,1968,0
143,7.150,4.150,833,1970,0
144,7.200,4.200,876,1978,0
145,7.250,4.250,916,1988,0
146,7.300,4.300,970,1996,0
147,7.350,4.350,1023,2001,0
148,7.400,4.400,1070,2018,0
149,7.450,4.450,1102,2032,0
150,7.500,4.500,1122,2044,0
151,7.550,4.550,1135,2061,0
152,7.600,4.600,1136,2079,0
153,7.650,4.650,1139,2091,0
154,7.700,4.700,1131,2101,0
155,7.750,4.750,1126,2114,0
156,7.800,4.800,1123,2127,0
157,7.850,4.850,1132,2134,0
158,7.900,4.900,1153,2149,0
159,7.950,4.950,1201,2160,0
160,8.000,5.000,1261,2162,0
161,8.050,5.050,1328,2175,0
162,8.100,5.100,1395,2166,0
163,8.150,5.150,1456,2169,0
164,8.200,5.200,1500,2181,0
165,8.250,5.250,1534,2192,0
166,8.300,5.300,1566,2198,0
167,8.350,5.350,1588,2181,0
168,8.400,5.400,1629,2180,0
169,8.450,5.450,1667,2193,0
170,8.500,5.500,1701,2192,0
171,8.550,5.550,1733,2197,0
172,8.600,5.600,1767,2193,0
173,8.650,5.650,1793,2209,0
174,8.700,5.700,1825,2224,0
175,8.750,5.750,1860,2224,0
176,8.800,5.800,1904,2223,0
177,8.850,5.850,1946,2224,0
178,8.900,5.900,1990,2227,0
179,8.950,5.950,2033,2224,0
180,9.000,6.000,2070,2227,0
181,9.050,6.050,2110,2234,0
182,9.100,6.100,2145,2229,0
183,9.150,6.150,2177,2233,0
184,9.200,6.200,2214,2234,0
185,9.250,6.250,2244,2244,0
186,9.300,6.300,2282,2242,0
187,9.350,6.350,2321,2241,0
188,9.400,6.400,2364,2239,0
189,9.450,6.450,2400,2246,0
190,9.500,6.500,2427,2243,0
191,9.550,6.550,2448,2243,0
192,9.600,6.600,2467,2242,0
193,9.650,6.650,2480,2244,0
194,9.700,6.700,2483,2251,0
195,9.750,6.750,2485,2253,0
196,9.800,6.800,2479,2250,0
197,9.850,6.850,2468,2249,0
198,9.900,6.900,2455,2246,0
199,9.950,6.950,2439,2247,0
200,10.000,7.000,2428,2245,0
201,10.050,7.050,2417,2250,0
202,10.100,7.100,2414,2245,0
203,10.150,7.150,2403,2246,0
204,10.200,7.200,2398,2246,0
205,10.250,7.250,2405,2246,0
206,10.300,7.300,2410,2247,0
207,10.350,7.350,2416,2247,0
208,10.400,7.400,2421,2245,0
209,10.450,7.450,2432,2244,0
210,10.500,7.500,2450,2239,0
211,10.550,7.550,2466,2234,0
212,10.600,7.600,2481,2234,0
213,10.650,7.650,2495,2247,0
214,10.700,7.700,2509,2241,0
215,10.750,7.750,2521,2225,0
216,10.800,7.800,2537,2231,0
217,10.850,7.850,2551,2237,0
218,10.900,7.900,2559,2237,0
219,10.950,7.950,2589,2223,0
220,11.000,8.000,2608,2234,0
221,11.050,8.050,2636,2231,0
222,11.100,8.100,2662,2230,0
223,11.150,8.150,2691,2228,0
224,11.200,8.200,2718,2224,0
225,11.250,8.250,2739,2224,0
226,11.300,8.300,2758,2223,0
227,11.350,8.350,2773,2224,0
228,11.400,8.400,2786,2219,0
229,11.450,8.450,2797,2218,0
230,11.500,8.500,2802,2213,0
231,11.550,8.550,2812,2211,0
232,11.600,8.600,2815,2209,0
233,11.650,8.650,2811,2205,0
234,11.700,8.700,2812,2201,0
235,11.750,8.750,2805,2201,0
236,11.800,8.800,2794,2195,0
237,11.850,8.850,2769,2194,0
238,11.900,8.900,2747,2192,0
239,11.950,8.950,2724,2193,0
240,12.000,9.000,2702,2191,0
241,12.050,9.050,2672,2192,0
242,12.100,9.100,2636,2193,0
243,12.150,9.150,2604,2185,0
244,12.200,9.200,2559,2186,0
245,12.250,9.250,2524,2179,0
246,12.300,9.300,2486,2178,0
247,12.350,9.350,2445,2176,0
248,12.400,9.400,2403,2173,0
249,12.450,9.450,2362,2178,0
250,12.500,9.500,2320,2167,0
251,12.550,9.550,2278,2161,0
252,12.600,9.600,2230,2162,0
253,12.650,9.650,2187,2160,0
254,12.700,9.700,2143,2158,0
255,12.750,9.750,2096,2158,0
256,12.800,9.800,2039,2154,0
257,12.850,9.850,1999,2154,0
258,12.900,9.900,1965,2147,0
259,12.950,9.950,1936,2145,0
260,13.000,10.000,1907,2140,0
261,13.050,10.050,1881,2138,0
262,13.100,10.100,1857,2130,0
263,13.150,10.150,1835,2123,0
264,13.200,10.200,1808,2128,0
265,13.250,10.250,1779,2126,0
266,13.300,10.300,1760,2123,0
267,13.350,10.350,1744,2114,0
268,13.400,10.400,1726,2102,0
269,13.450,10.450,1719,2083,0
270,13.500,10.500,1712,2089,0
271,13.550,10.550,1708,2101,0
272,13.600,10.600,1701,2095,0
273,13.650,10.650,1695,2096,0
274,13.700,10.700,1682,2090,0
275,13.750,10.750,1670,2093,0
276,13.800,10.800,1661,2089,0
277,13.850,10.850,1646,2087,0
278,13.900,10.900,1634,2096,0
279,13.950,10.950,1627,2087,0
280,14.000,11.000,1621,2090,0
281,14.050,11.050,1619,2090,0
282,14.100,11.100,1618,2085,0
283,14.150,11.150,1615,2082,0
284,14.200,11.200,1614,2079,0
285,14.250,11.250,1613,2067,0
286,14.300,11.300,1610,2081,0
287,14.350,11.350,1600,2071,0
288,14.400,11.400,1593,2068,0
289,14.450,11.450,1575,2060,0
290,14.500,11.500,1554,2064,0
291,14.550,11.550,1525,2064,0
292,14.600,11.600,1498,2058,0
293,14.650,11.650,1472,2064,0
294,14.700,11.700,1450,2058,0
295,14.750,11.750,1423,2029,0
296,14.800,11.800,1399,2047,0
297,14.850,11.850,1376,2047,0
298,14.900,11.900,1354,2042,0
299,14.950,11.950,1319,2042,0
300,15.000,12.000,1285,2035,0
301,15.050,12.050,1257,2033,0
302,15.100,12.100,1227,2032,0
303,15.150,12.150,1200,2027,0
304,15.200,12.200,1168,2023,0
305,15.250,12.250,1142,2022,0
306,15.300,12.300,1122,2018,0
307,15.350,12.350,1104,2018,0
308,15.400,12.400,1082,2010,0
309,15.450,12.450,1060,2005,0
310,15.500,12.500,1040,2000,0
311,15.550,12.550,1018,2000,0
312,15.600,12.600,997,1998,0
313,15.650,12.650,976,1995,0
314,15.700,12.700,951,1993,0
315,15.750,12.750,924,1990,0
316,15.800,12.800,899,1989,0
317,15.850,12.850,877,1989,0
318,15.900,12.900,859,1985,0
319,15.950,12.950,849,1982,0
320,16.000,13.000,842,1989,0
321,16.050,13.050,839,1984,0
322,16.100,13.100,846,1997,0
323,16.150,13.150,856,2001,0
324,16.200,13.200,863,2004,0
325,16.250,13.250,871,2011,0
326,16.300,13.300,873,2017,0
327,16.350,13.350,879,2021,0
328,16.400,13.400,882,2023,0
329,16.450,13.450,887,2031,0
330,16.500,13.500,894,2033,0
331,16.550,13.550,898,2033,0
332,16.600,13.600,903,2034,0
333,16.650,13.650,910,2045,0
334,16.700,13.700,912,2057,0
335,16.750,13.750,917,2047,0
336,16.800,13.800,923,2058,0
337,16.850,13.850,931,2058,0
338,16.900,13.900,937,2070,0
339,16.950,13.950,941,2080,0
340,17.000,14.000,943,2074,0
341,17.050,14.050,940,2081,0
342,17.100,14.100,939,2082,0
343,17.150,14.150,935,2086,0
344,17.200,14.200,928,2090,0
345,17.250,14.250,927,2093,0
346,17.300,14.300,923,2094,0
347,17.350,14.350,924,2095,0
348,17.400,14.400,927,2096,0
349,17.450,14.450,925,2095,0
350,17.500,14.500,929,2085,0
351,17.550,14.550,929,2094,0
352,17.600,14.600,929,2096,0
353,17.650,14.650,933,2096,0
354,17.700,14.700,934,2094,0
355,17.750,14.750,933,2099,0
356,17.800,14.800,938,2097,0
357,17.850,14.850,943,2099,0
358,17.900,14.900,944,2093,0
359,17.950,14.950,949,2085,0
360,18.000,15.000,957,2091,0
361,18.050,15.050,961,2091,0
362,18.100,15.100,973,2096,0
363,18.150,15.150,977,2096,0
364,18.200,15.200,987,2093,0
365,18.250,15.250,997,2093,0
366,18.300,15.300,1007,2091,0
367,18.350,15.350,1014,2092,0
368,18.400,15.400,1023,2090,0
369,18.450,15.450,1036,2091,0
370,18.500,15.500,1041,2091,0
371,18.550,15.550,1043,2086,0
372,18.600,15.600,1050,2085,0
373,18.650,15.650,1051,2081,0
374,18.700,15.700,1050,2082,0
375,18.750,15.750,1050,2083,0
376,18.800,15.800,1049,2083,0
377,18.850,15.850,1043,2079,0
378,18.900,15.900,1041,2081,0
379,18.950,15.950,1040,2075,0
380,19.000,16.000,1040,2075,0
381,19.050,16.050,1040,2070,0
382,19.100,16.100,1040,2069,0
383,19.150,16.150,1040,2068,0
384,19.200,16.200,1040,2070,0
385,19.250,16.250,1040,2047,0
386,19.300,16.300,1040,2064,0
387,19.350,16.350,1036,2066,0
388,19.400,16.400,1035,2067,0
389,19.450,16.450,1023,2064,0
390,19.500,16.500,1014,2063,0
391,19.550,16.550,1006,2064,0
392,19.600,16.600,995,2043,0
393,19.650,16.650,988,2042,0
394,19.700,16.700,976,2035,0
395,19.750,16.750,964,2034,0
396,19.800,16.800,952,2032,0
397,19.850,16.850,944,2035,0
398,19.900,16.900,933,2032,0
399,19.950,16.950,926,2031,0
400,20.000,17.000,917,2031,0
401,20.050,17.050,912,2026,0
402,20.100,17.100,906,2025,0
403,20.150,17.150,901,2023,0
404,20.200,17.200,896,2013,0
405,20.250,17.250,894,2005,0
406,20.300,17.300,891,2011,0
407,20.350,17.350,886,1990,0
408,20.400,17.400,886,2005,0
409,20.450,17.450,885,2006,0
410,20.500,17.500,891,2003,0
411,20.550,17.550,894,2003,0
412,20.600,17.600,897,1999,0
413,20.650,17.650,902,1990,0
414,20.700,17.700,908,1982,0
415,20.750,17.750,912,1995,0
416,20.800,17.800,914,1992,0
417,20.850,17.850,918,1989,0
418,20.900,17.900,919,1986,0
419,20.950,17.950,924,1986,0
420,21.000,18.000,930,1982,0
421,21.050,18.050,932,1979,0
422,21.100,18.100,938,1982,0
423,21.150,18.150,940,1975,0
424,21.200,18.200,942,1975,0
425,21.250,18.250,944,1971,0
426,21.300,18.300,945,1969,0
427,21.350,18.350,947,1971,0
428,21.400,18.400,947,1967,0
429,21.450,18.450,954,1963,0
430,21.500,18.500,951,1959,0
431,21.550,18.550,953,1962,0
432,21.600,18.600,952,1957,0
433,21.650,18.650,956,1966,0
434,21.700,18.700,959,1954,0
435,21.750,18.750,963,1952,0
436,21.800,18.800,965,1953,0
437,21.850,18.850,971,1952,0
438,21.900,18.900,976,1952,0
439,21.950,18.950,982,1947,0
440,22.000,19.000,993,1940,0
441,22.050,19.050,1006,1945,0
442,22.100,19.100,1013,1941,0
443,22.150,19.150,1023,1941,0
444,22.200,19.200,1040,1939,0
445,22.250,19.250,1050,1937,0
446,22.300,19.300,1062,1936,0
447,22.350,19.350,1072,1936,0
448,22.400,19.400,1082,1936,0
449,22.450,19.450,1093,1934,0
450,22.500,19.500,1104,1927,0
451,22.550,19.550,1114,1927,0
452,22.600,19.600,1124,1923,0
453,22.650,19.650,1136,1923,0
454,22.700,19.700,1146,1919,0
455,22.750,19.750,1156,1919,0
456,22.800,19.800,1166,1915,0
457,22.850,19.850,1179,1914,0
458,22.900,19.900,1188,1908,0
459,22.950,19.950,1200,1904,0
460,23.000,20.000,1213,1907,0
461,23.050,20.050,1227,1906,0
462,23.100,20.100,1236,1904,0
463,23.150,20.150,1249,1902,0
464,23.200,20.200,1264,1901,0
465,23.250,20.250,1278,1899,0
466,23.300,20.300,1293,1895,0
467,23.350,20.350,1302,1893,0
468,23.400,20.400,1314,1891,0
469,23.450,20.450,1325,1889,0
470,23.500,20.500,1326,1887,0
471,23.550,20.550,1333,1882,0
472,23.600,20.600,1331,1883,0
473,23.650,20.650,1337,1882,0
474,23.700,20.700,1342,1878,0
475,23.750,20.750,1344,1878,0
476,23.800,20.800,1347,1877,0
477,23.850,20.850,1347,1872,0
478,23.900,20.900,1350,1872,0
479,23.950,20.950,1349,1870,0
480,24.000,21.000,1353,1871,0
481,24.050,21.050,1353,1868,0
482,24.100,21.100,1350,1866,0
483,24.150,21.150,1351,1861,0
484,24.200,21.200,1347,1865,0
485,24.250,21.250,1343,1862,0
486,24.300,21.300,1342,1862,0
487,24.350,21.350,1339,1859,0
488,24.400,21.400,1338,1856,0
489,24.450,21.450,1330,1857,0
490,24.500,21.500,1326,1858,0
491,24.550,21.550,1321,1856,0
492,24.600,21.600,1313,1854,0
493,24.650,21.650,1306,1850,0
494,24.700,21.700,1296,1848,0
495,24.750,21.750,1290,1847,0
496,24.800,21.800,1277,1842,0
497,24.850,21.850,1265,1839,0
498,24.900,21.900,1255,1837,0
499,24.950,21.950,1244,1841,0
500,25.000,22.000,1232,1837,0
501,25.050,22.050,1222,1840,0
502,25.100,22.100,1207,1830,0
503,25.150,22.150,1199,1830,0
504,25.200,22.200,1186,1827,0
505,25.250,22.250,1175,1835,0
506,25.300,22.300,1168,1828,0
507,25.350,22.350,1157,1827,0
508,25.400,22.400,1150,1824,0
509,25.450,22.450,1139,1823,0
510,25.500,22.500,1132,1827,0
511,25.550,22.550,1122,1821,0
512,25.600,22.600,1117,1822,0
513,25.650,22.650,1104,1818,0
514,25.700,22.700,1097,1820,0
515,25.750,22.750,1090,1819,0
516,25.800,22.800,1084,1815,0
517,25.850,22.850,1077,1814,0
518,25.900,22.900,1068,1813,0
519,25.950,22.950,1059,1809,0
520,26.000,23.000,1051,1811,0
521,26.050,23.050,1042,1808,0
522,26.100,23.100,1038,1808,0
523,26.150,23.150,1023,1808,0
524,26.200,23.200,1013,1804,0
525,26.250,23.250,1008,1804,0
526,26.300,23.300,1001,1802,0
527,26.350,23.350,991,1799,0
528,26.400,23.400,983,1799,0
529,26.450,23.450,976,1795,0
530,26.500,23.500,967,1797,0
531,26.550,23.550,960,1793,0
532,26.600,23.600,951,1793,0
533,26.650,23.650,944,1793,0
534,26.700,23.700,939,1791,0
535,26.750,23.750,928,1786,0
536,26.800,23.800,922,1786,0
537,26.850,23.850,912,1783,0
538,26.900,23.900,905,1783,0
539,26.950,23.950,896,1782,0
540,27.000,24.000,889,1779,0
541,27.050,24.050,880,1779,0
542,27.100,24.100,870,1777,0
543,27.150,24.150,863,1776,0
544,27.200,24.200,853,1773,0
545,27.250,24.250,845,1772,0
546,27.300,24.300,834,1769,0
547,27.350,24.350,827,1770,0
548,27.400,24.400,817,1770,0
549,27.450,24.450,811,1769,0
550,27.500,24.500,801,1771,0
551,27.550,24.550,790,1764,0
552,27.600,24.600,786,1760,0
553,27.650,24.650,781,1763,0
554,27.700,24.700,772,1761,0
555,27.750,24.750,764,1761,0
556,27.800,24.800,754,1759,0
557,27.850,24.850,753,1755,0
558,27.900,24.900,742,1755,0
559,27.950,24.950,737,1751,0
560,28.000,25.000,731,1751,0
561,28.050,25.050,723,1749,0
562,28.100,25.100,720,1746,0
563,28.150,25.150,714,1749,0
564,28.200,25.200,709,1746,0
565,28.250,25.250,699,1744,0
566,28.300,25.300,690,1744,0
567,28.350,25.350,685,1744,0
568,28.400,25.400,674,1743,0
569,28.450,25.450,663,1742,0
570,28.500,25.500,656,1735,0
571,28.550,25.550,645,1738,0
572,28.600,25.600,637,1740,0
573,28.650,25.650,625,1735,0
574,28.700,25.700,623,1734,0
575,28.750,25.750,612,1730,0
576,28.800,25.800,604,1731,0
577,28.850,25.850,597,1728,0
578,28.900,25.900,593,1727,0
579,28.950,25.950,586,1729,0
580,29.000,26.000,588,1725,0
581,29.050,26.050,583,1724,0
582,29.100,26.100,577,1725,0
583,29.150,26.150,578,1721,0
584,29.200,26.200,574,1719,0
585,29.250,26.250,570,1722,0
586,29.300,26.300,573,1717,0
587,29.350,26.350,571,1719,0
588,29.400,26.400,573,1719,0
589,29.450,26.450,571,1714,0
590,29.500,26.500,571,1712,0
591,29.550,26.550,572,1714,0
592,29.600,26.600,572,1717,0
593,29.650,26.650,570,1714,0
594,29.700,26.700,588,1697,0
595,29.750,26.750,571,1712,0
596,29.800,26.800,569,1712,0
597,29.850,26.850,567,1709,0
598,29.900,26.900,565,1709,0
599,29.950,26.950,563,1712,0
600,30.000,27.000,563,1710,0
601,30.050,27.050,560,1708,0
602,30.100,27.100,560,1711,0
603,30.150,27.150,560,1711,0
604,30.200,27.200,556,1703,0
605,30.250,27.250,554,1701,0
606,30.300,27.300,551,1703,0
607,30.350,27.350,551,1701,0
608,30.400,27.400,547,1702,0
609,30.450,27.450,544,1703,0
610,30.500,27.500,542,1698,0
611,30.550,27.550,540,1699,0
612,30.600,27.600,535,1696,0
613,30.650,27.650,534,1697,0
614,30.700,27.700,532,1694,0
615,30.750,27.750,529,1694,0
616,30.800,27.800,528,1694,0
617,30.850,27.850,527,1693,0
618,30.900,27.900,511,1691,0
619,30.950,27.950,509,1693,0
620,31.000,28.000,505,1693,0
621,31.050,28.050,501,1691,0
622,31.100,28.100,497,1691,0
623,31.150,28.150,494,1685,0
624,31.200,28.200,487,1690,0
625,31.250,28.250,482,1690,0
626,31.300,28.300,473,1685,0
627,31.350,28.350,467,1687,0
628,31.400,28.400,464,1684,0
629,31.450,28.450,459,1689,0
630,31.500,28.500,448,1686,0
631,31.550,28.550,443,1680,0
632,31.600,28.600,432,1680,0
633,31.650,28.650,432,1680,0
634,31.700,28.700,425,1677,0
635,31.750,28.750,417,1680,0
636,31.800,28.800,411,1680,0
637,31.850,28.850,383,1681,0
638,31.900,28.900,400,1679,0
639,31.950,28.950,394,1680,0
640,32.000,29.000,389,1677,0
641,32.050,29.050,384,1674,0
642,32.100,29.100,378,1671,0
643,32.150,29.150,373,1675,0
644,32.200,29.200,368,1674,0
645,32.250,29.250,367,1673,0
646,32.300,29.300,358,1668,0
647,32.350,29.350,355,1671,0
648,32.400,29.400,349,1670,0
649,32.450,29.450,344,1669,0
650,32.500,29.500,339,1669,0
651,32.550,29.550,337,1666,0
652,32.600,29.600,332,1669,0
653,32.650,29.650,327,1666,0
654,32.700,29.700,324,1664,0
655,32.750,29.750,318,1664,0
656,32.800,29.800,311,1663,0
657,32.850,29.850,306,1662,0
658,32.900,29.900,304,1663,0
659,32.950,29.950,302,1658,0
660,33.000,30.000,295,1658,0
661,33.050,30.050,291,1659,0
662,33.100,30.100,289,1653,0
663,33.150,30.150,282,1652,0
664,33.200,30.200,278,1654,0
665,33.250,30.250,275,1651,0
666,33.300,30.300,272,1648,0
667,33.350,30.350,268,1649,0
668,33.400,30.400,264,1649,0
669,33.450,30.450,260,1648,0
670,33.500,30.500,256,1650,0
671,33.550,30.550,255,1648,0
672,33.600,30.600,252,1647,0
673,33.650,30.650,247,1647,0
674,33.700,30.700,241,1647,0
675,33.750,30.750,241,1644,0
676,33.800,30.800,240,1639,0
677,33.850,30.850,238,1644,0
678,33.900,30.900,233,1643,0
679,33.950,30.950,231,1642,0
680,34.000,31.000,227,1648,0
681,34.050,31.050,226,1636,0
682,34.100,31.100,224,1637,0
683,34.150,31.150,222,1635,0
684,34.200,31.200,218,1633,0
685,34.250,31.250,215,1638,0
686,34.300,31.300,213,1632,0
687,34.350,31.350,213,1641,0
688,34.400,31.400,210,1638,0
689,34.450,31.450,208,1635,0
690,34.500,31.500,208,1633,0
691,34.550,31.550,206,1633,0
692,34.600,31.600,206,1631,0
693,34.650,31.650,203,1631,0
694,34.700,31.700,200,1631,0
695,34.750,31.750,199,1630,0
696,34.800,31.800,199,1627,0
697,34.850,31.850,196,1626,0
698,34.900,31.900,194,1622,0
699,34.950,31.950,192,1621,0
700,35.000,32.000,191,1621,0
701,35.050,32.050,189,1618,0
702,35.100,32.100,187,1616,0
703,35.150,32.150,186,1617,0
704,35.200,32.200,183,1616,0
705,35.250,32.250,180,1616,0
706,35.300,32.300,177,1616,0
707,35.350,32.350,176,1616,0
708,35.400,32.400,176,1614,0
709,35.450,32.450,172,1613,0
710,35.500,32.500,170,1610,0
711,35.550,32.550,167,1610,0
712,35.600,32.600,160,1603,0
713,35.650,32.650,161,1603,0
714,35.700,32.700,156,1603,0
715,35.750,32.750,154,1600,0
716,35.800,32.800,148,1600,0
717,35.850,32.850,147,1598,0
718,35.900,32.900,144,1593,0
719,35.950,32.950,144,1595,0
720,36.000,33.000,142,1593,0
721,36.050,33.050,136,1596,0
722,36.100,33.100,134,1590,0
723,36.150,33.150,128,1593,0
724,36.200,33.200,128,1586,0
725,36.250,33.250,124,1586,0
726,36.300,33.300,121,1585,0
727,36.350,33.350,115,1584,0
728,36.400,33.400,115,1584,0
729,36.450,33.450,113,1584,0
730,36.500,33.500,111,1582,0
731,36.550,33.550,109,1581,0
732,36.600,33.600,106,1579,0
733,36.650,33.650,103,1578,0
734,36.700,33.700,99,1578,0
735,36.750,33.750,98,1579,0
736,36.800,33.800,96,1571,0
737,36.850,33.850,93,1573,0
738,36.900,33.900,91,1568,0
739,36.950,33.950,86,1569,0
740,37.000,34.000,85,1565,0
741,37.050,34.050,85,1565,0
742,37.100,34.100,81,1562,0
743,37.150,34.150,82,1562,0
744,37.200,34.200,80,1561,0
745,37.250,34.250,78,1559,0
746,37.300,34.300,77,1555,0
747,37.350,34.350,73,1553,0
748,37.400,34.400,76,1554,0
749,37.450,34.450,72,1556,0
750,37.500,34.500,73,1555,0
751,37.550,34.550,76,1554,0
752,37.600,34.600,73,1552,0
753,37.650,34.650,78,1535,0
754,37.700,34.700,80,1535,0
755,37.750,34.750,80,1535,0
756,37.800,34.800,84,1535,0
757,37.850,34.850,86,1535,0
758,37.900,34.900,87,1535,0
759,37.950,34.950,95,1535,0
760,38.000,35.000,97,1532,0
761,38.050,35.050,103,1529,0
762,38.100,35.100,107,1532,0
763,38.150,35.150,112,1527,0
764,38.200,35.200,115,1524,0
765,38.250,35.250,122,1520,0
766,38.300,35.300,125,1523,0
767,38.350,35.350,128,1520,0
768,38.400,35.400,134,1520,0
769,38.450,35.450,139,1525,0
770,38.500,35.500,141,1519,0
771,38.550,35.550,144,1520,0
772,38.600,35.600,147,1520,0
773,38.650,35.650,152,1517,0
774,38.700,35.700,161,1515,0
775,38.750,35.750,164,1509,0
776,38.800,35.800,171,1508,0
777,38.850,35.850,153,1507,0
778,38.900,35.900,188,1505,0
779,38.950,35.950,196,1499,0
780,39.000,36.000,203,1498,0
781,39.050,36.050,207,1497,0
782,39.100,36.100,208,1493,0
783,39.150,36.150,213,1490,0
784,39.200,36.200,210,1488,0
785,39.250,36.250,213,1485,0
786,39.300,36.300,203,1485,0
787,39.350,36.350,193,1479,0
788,39.400,36.400,183,1477,0
789,39.450,36.450,176,1476,0
790,39.500,36.500,167,1474,0
791,39.550,36.550,161,1472,0
792,39.600,36.600,152,1471,0
793,39.650,36.650,144,1470,0
794,39.700,36.700,137,1468,0
795,39.750,36.750,131,1467,0
796,39.800,36.800,127,1465,0
797,39.850,36.850,122,1461,0
798,39.900,36.900,116,1460,0
799,39.950,36.950,112,1460,0
800,40.000,37.000,113,1459,0
801,40.050,37.050,116,1456,0
802,40.100,37.100,118,1455,0
803,40.150,37.150,131,1453,0
804,40.200,37.200,138,1453,0
805,40.250,37.250,142,1454,0
806,40.300,37.300,146,1450,0
807,40.350,37.350,147,1441,0
808,40.400,37.400,149,1446,0
809,40.450,37.450,151,1442,0
810,40.500,37.500,154,1440,0
811,40.550,37.550,156,1438,0
812,40.600,37.600,162,1440,0
813,40.650,37.650,164,1436,0
814,40.700,37.700,163,1437,0
815,40.750,37.750,163,1435,0
816,40.800,37.800,162,1434,0
817,40.850,37.850,162,1433,0
818,40.900,37.900,160,1435,0
819,40.950,37.950,144,1427,0
820,41.000,38.000,159,1429,0
821,41.050,38.050,156,1429,0
822,41.100,38.100,149,1427,0
823,41.150,38.150,144,1425,0
824,41.200,38.200,139,1425,0
825,41.250,38.250,135,1423,0
826,41.300,38.300,128,1424,0
827,41.350,38.350,118,1423,0
828,41.400,38.400,112,1424,0
829,41.450,38.450,105,1420,0
830,41.500,38.500,99,1423,0
831,41.550,38.550,92,1421,0
832,41.600,38.600,82,1420,0
833,41.650,38.650,77,1416,0
834,41.700,38.700,66,1415,0
835,41.750,38.750,64,1418,0
836,41.800,38.800,70,1414,0
837,41.850,38.850,48,1413,0
838,41.900,38.900,42,1415,0
839,41.950,38.950,35,1414,0
840,42.000,39.000,31,1411,0
841,42.050,39.050,30,1411,0
842,42.100,39.100,19,1410,0
843,42.150,39.150,16,1410,0
844,42.200,39.200,7,1410,0
845,42.250,39.250,5,1409,0
846,42.300,39.300,2,1411,0
847,42.350,39.350,0,1410,0
848,42.400,39.400,0,1411,0
849,42.450,39.450,0,1409,0
850,42.500,39.500,0,1408,0
851,42.550,39.550,0,1408,0
852,42.600,39.600,0,1417,0
853,42.650,39.650,0,1412,0
854,42.700,39.700,0,1414,0
855,42.750,39.750,0,1409,0
856,42.800,39.800,0,1409,0
857,42.850,39.850,0,1409,0
858,42.900,39.900,0,1411,0
859,42.950,39.950,0,1411,0
860,43.000,40.000,0,1409,0
861,43.050,40.050,0,1407,0
862,43.100,40.100,0,1407,0
863,43.150,40.150,0,1406,0
864,43.200,40.200,0,1406,0
865,43.250,40.250,0,1405,0
866,43.300,40.300,0,1402,0
867,43.350,40.350,0,1401,0
868,43.400,40.400,0,1400,0
869,43.450,40.450,0,1396,0
870,43.500,40.500,0,1395,0
871,43.550,40.550,0,1396,0
872,43.600,40.600,0,1394,0
873,43.650,40.650,0,1394,0
874,43.700,40.700,0,1396,0
875,43.750,40.750,0,1395,0
876,43.800,40.800,0,1392,0
877,43.850,40.850,0,1392,0
878,43.900,40.900,0,1392,0
879,43.950,40.950,0,1390,0
880,44.000,41.000,0,1390,0
881,44.050,41.050,0,1390,0
882,44.100,41.100,0,1386,0
883,44.150,41.150,0,1385,0
884,44.200,41.200,0,1383,0
885,44.250,41.250,0,1383,0
886,44.300,41.300,0,1379,0
887,44.350,41.350,0,1379,0
888,44.400,41.400,0,1378,0
889,44.450,41.450,0,1374,0
890,44.500,41.500,0,1373,0
891,44.550,41.550,0,1374,0
892,44.600,41.600,0,1370,0
893,44.650,41.650,0,1367,0
894,44.700,41.700,0,1369,0
895,44.750,41.750,0,1365,0
896,44.800,41.800,0,1365,0
897,44.850,41.850,0,1368,0
898,44.900,41.900,0,1363,0
899,44.950,41.950,0,1359,0
900,45.000,42.000,0,1360,0
901,45.050,42.050,0,1356,0
902,45.100,42.100,0,1354,0
903,45.150,42.150,0,1351,0
904,45.200,42.200,0,1344,0
905,45.250,42.250,0,1360,0
906,45.300,42.300,0,1350,0
907,45.350,42.350,0,1347,0
908,45.400,42.400,0,1349,0
909,45.450,42.450,0,1345,0
910,45.500,42.500,0,1345,0
911,45.550,42.550,0,1328,0
912,45.600,42.600,0,1331,0
913,45.650,42.650,0,1341,0
914,45.700,42.700,0,1338,0
915,45.750,42.750,0,1339,0
916,45.800,42.800,0,1334,0
917,45.850,42.850,0,1333,0
918,45.900,42.900,0,1335,0
919,45.950,42.950,0,1329,0
920,46.000,43.000,0,1328,0
921,46.050,43.050,0,1328,0
922,46.100,43.100,0,1327,0
923,46.150,43.150,0,1326,0
924,46.200,43.200,0,1322,0
925,46.250,43.250,0,1317,0
926,46.300,43.300,0,1324,0
927,46.350,43.350,0,1316,0
928,46.400,43.400,0,1316,0
929,46.450,43.450,0,1312,0
930,46.500,43.500,0,1307,0
931,46.550,43.550,0,1303,0
932,46.600,43.600,0,1298,0
933,46.650,43.650,0,1298,0
934,46.700,43.700,0,1298,0
935,46.750,43.750,0,1293,0
936,46.800,43.800,0,1292,0
937,46.850,43.850,0,1290,0
938,46.900,43.900,0,1287,0
939,46.950,43.950,0,1282,0
940,47.000,44.000,0,1280,0
941,47.050,44.050,0,1279,0
942,47.100,44.100,0,1277,0
943,47.150,44.150,0,1274,0
944,47.200,44.200,0,1271,0
945,47.250,44.250,0,1266,0
946,47.300,44.300,0,1264,0
947,47.350,44.350,0,1264,0
948,47.400,44.400,0,1263,0
949,47.450,44.450,0,1257,0
950,47.500,44.500,0,1259,0
951,47.550,44.550,0,1251,0
952,47.600,44.600,0,1263,0
953,47.650,44.650,0,1245,0
954,47.700,44.700,0,1241,0
955,47.750,44.750,0,1239,0
956,47.800,44.800,0,1237,0
957,47.850,44.850,0,1235,0
958,47.900,44.900,0,1232,0
959,47.950,44.950,0,1231,0
960,48.000,45.000,0,1229,0
961,48.050,45.050,0,1225,0
962,48.100,45.100,0,1222,0
963,48.150,45.150,0,1218,0
964,48.200,45.200,0,1221,0
965,48.250,45.250,0,1216,0
966,48.300,45.300,0,1215,0
967,48.350,45.350,0,1216,0
968,48.400,45.400,0,1215,0
969,48.450,45.450,0,1212,0
970,48.500,45.500,0,1207,0
971,48.550,45.550,0,1206,0
972,48.600,45.600,0,1204,0
973,48.650,45.650,0,1203,0
974,48.700,45.700,0,1200,0
975,48.750,45.750,0,1200,0
976,48.800,45.800,0,1199,0
977,48.850,45.850,0,1197,0
978,48.900,45.900,0,1195,0
979,48.950,45.950,0,1195,0
980,49.000,46.000,0,1190,0
981,49.050,46.050,0,1191,0
982,49.100,46.100,0,1190,0
983,49.150,46.150,0,1185,0
984,49.200,46.200,0,1186,0
985,49.250,46.250,0,1183,0
986,49.300,46.300,0,1182,0
987,49.350,46.350,0,1184,0
988,49.400,46.400,0,1181,0
989,49.450,46.450,0,1182,0
990,49.500,46.500,0,1179,0
991,49.550,46.550,0,1179,0
992,49.600,46.600,0,1182,0
993,49.650,46.650,0,1182,0
994,49.700,46.700,0,1179,0
995,49.750,46.750,0,1178,0
996,49.800,46.800,0,1179,0
997,49.850,46.850,0,1179,0
998,49.900,46.900,0,1174,0
999,49.950,46.950,0,1177,0
1000,50.000,47.000,0,1178,0
1001,50.050,47.050,0,1175,0
1002,50.100,47.100,0,1178,0
1003,50.150,47.150,0,1173,0
1004,50.200,47.200,0,1175,0
1005,50.250,47.250,0,1178,0
1006,50.300,47.300,0,1174,0
1007,50.350,47.350,0,1175,0
1008,50.400,47.400,0,1177,0
1009,50.450,47.450,0,1176,0
1010,50.500,47.500,0,1175,0
1011,50.550,47.550,0,1178,0
1012,50.600,47.600,0,1174,0
1013,50.650,47.650,0,1174,0
1014,50.700,47.700,0,1174,0
1015,50.750,47.750,0,1155,0
1016,50.800,47.800,0,1174,0
1017,50.850,47.850,0,1174,0
1018,50.900,47.900,0,1170,0
1019,50.950,47.950,0,1176,0
1020,51.000,48.000,0,1174,0
1021,51.050,48.050,0,1177,0
1022,51.100,48.100,0,1179,0
1023,51.150,48.150,0,1175,0
1024,51.200,48.200,0,1175,0
1025,51.250,48.250,0,1178,0
1026,51.300,48.300,0,1175,0
1027,51.350,48.350,0,1178,0
1028,51.400,48.400,0,1174,0
1029,51.450,48.450,0,1176,0
1030,51.500,48.500,0,1179,0
1031,51.550,48.550,0,1179,0
1032,51.600,48.600,0,1177,0
1033,51.650,48.650,0,1175,0
1034,51.700,48.700,0,1175,0
1035,51.750,48.750,0,1179,0
1036,51.800,48.800,0,1177,0
1037,51.850,48.850,0,1183,0
1038,51.900,48.900,0,1179,0
1039,51.950,48.950,0,1181,0
1040,52.000,49.000,0,1181,0
1041,52.050,49.050,0,1179,0
1042,52.100,49.100,0,1178,0
1043,52.150,49.150,0,1182,0
1044,52.200,49.200,0,1177,0
1045,52.250,49.250,0,1181,0
1046,52.300,49.300,0,1178,0
1047,52.350,49.350,0,1184,0
1048,52.400,49.400,0,1181,0
1049,52.450,49.450,0,1181,0
1050,52.500,49.500,0,1185,0
1051,52.550,49.550,0,1184,0
1052,52.600,49.600,0,1182,0
1053,52.650,49.650,0,1183,0
1054,52.700,49.700,0,1186,0
1055,52.750,49.750,0,1183,0
1056,52.800,49.800,0,1182,0
1057,52.850,49.850,0,1181,0
1058,52.900,49.900,0,1186,0
1059,52.950,49.950,0,1184,0
1060,53.000,50.000,0,1181,0
1061,53.050,50.050,0,1186,0
1062,53.100,50.100,0,1184,0
1063,53.150,50.150,0,1185,0
1064,53.200,50.200,0,1186,0
1065,53.250,50.250,0,1186,0
1066,53.300,50.300,0,1185,0
1067,53.350,50.350,0,1183,0
1068,53.400,50.400,0,1183,0
1069,53.450,50.450,0,1185,0
1070,53.500,50.500,0,1185,0
1071,53.550,50.550,0,1189,0
1072,53.600,50.600,0,1187,0
1073,53.650,50.650,0,1185,0
1074,53.700,50.700,0,1184,0
1075,53.750,50.750,0,1188,0
1076,53.800,50.800,0,1187,0
1077,53.850,50.850,0,1187,0
1078,53.900,50.900,0,1189,0
1079,53.950,50.950,0,1187,0
1080,54.000,51.000,0,1186,0
1081,54.050,51.050,0,1191,0
1082,54.100,51.100,0,1191,0
1083,54.150,51.150,0,1191,0
1084,54.200,51.200,0,1193,0
1085,54.250,51.250,0,1187,0
1086,54.300,51.300,0,1190,0
1087,54.350,51.350,0,1190,0
1088,54.400,51.400,0,1190,0
1089,54.450,51.450,0,1191,0
1090,54.500,51.500,0,1189,0
1091,54.550,51.550,0,1187,0
1092,54.600,51.600,0,1187,0
1093,54.650,51.650,0,1190,0
1094,54.700,51.700,0,1179,0
1095,54.750,51.750,0,1185,0
1096,54.800,51.800,0,1188,0
1097,54.850,51.850,0,1190,0
1098,54.900,51.900,0,1187,0
1099,54.950,51.950,0,1187,0
1100,55.000,52.000,0,1193,0
1101,55.050,52.050,0,1187,0
1102,55.100,52.100,0,1190,0
1103,55.150,52.150,0,1190,0
1104,55.200,52.200,0,1194,0
1105,55.250,52.250,0,1190,0
1106,55.300,52.300,0,1190,0
1107,55.350,52.350,0,1189,0
1108,55.400,52.400,0,1183,0
1109,55.450,52.450,0,1182,0
1110,55.500,52.500,0,1173,0
1111,55.550,52.550,0,1168,0
1112,55.600,52.600,0,1156,0
1113,55.650,52.650,0,1147,0
1114,55.700,52.700,0,1137,0
1115,55.750,52.750,0,1134,0
1116,55.800,52.800,0,1121,0
1117,55.850,52.850,0,1116,0
1118,55.900,52.900,0,1104,0
1119,55.950,52.950,0,1098,0
1120,56.000,53.000,0,1083,0
1121,56.050,53.050,0,1077,0
1122,56.100,53.100,0,1070,0
1123,56.150,53.150,0,1059,0
1124,56.200,53.200,0,1046,0
1125,56.250,53.250,0,1040,0
1126,56.300,53.300,0,1021,0
1127,56.350,53.350,0,1010,0
1128,56.400,53.400,0,1001,0
1129,56.450,53.450,0,992,0
1130,56.500,53.500,0,982,0
1131,56.550,53.550,0,973,0
1132,56.600,53.600,0,963,0
1133,56.650,53.650,0,953,0
1134,56.700,53.700,0,944,0
1135,56.750,53.750,0,931,0
1136,56.800,53.800,0,922,0
1137,56.850,53.850,0,923,0
1138,56.900,53.900,0,908,0
1139,56.950,53.950,0,896,0
1140,57.000,54.000,0,888,0
1141,57.050,54.050,0,880,0
1142,57.100,54.100,0,871,0
1143,57.150,54.150,0,861,0
1144,57.200,54.200,0,851,0
1145,57.250,54.250,0,845,0
1146,57.300,54.300,0,837,0
1147,57.350,54.350,0,830,0
1148,57.400,54.400,0,818,0
1149,57.450,54.450,0,807,0
1150,57.500,54.500,0,810,0
1151,57.550,54.550,0,798,0
1152,57.600,54.600,0,786,0
1153,57.650,54.650,0,784,0
1154,57.700,54.700,0,774,0
1155,57.750,54.750,0,765,0
1156,57.800,54.800,0,757,0
1157,57.850,54.850,0,752,0
1158,57.900,54.900,0,745,0
1159,57.950,54.950,0,737,0
1160,58.000,55.000,0,733,0
1161,58.050,55.050,0,723,0
1162,58.100,55.100,0,719,0
1163,58.150,55.150,0,711,0
1164,58.200,55.200,0,704,0
1165,58.250,55.250,0,697,0
1166,58.300,55.300,0,691,0
1167,58.350,55.350,0,688,0
1168,58.400,55.400,0,678,0
1169,58.450,55.450,0,672,0
1170,58.500,55.500,0,662,0
1171,58.550,55.550,0,657,0
1172,58.600,55.600,0,654,0
1173,58.650,55.650,0,647,0
1174,58.700,55.700,0,640,0
1175,58.750,55.750,0,637,0
1176,58.800,55.800,0,625,0
1177,58.850,55.850,0,622,0
1178,58.900,55.900,0,615,0
1179,58.950,55.950,0,611,0
1180,59.000,56.000,0,607,0
1181,59.050,56.050,0,599,0
1182,59.100,56.100,0,592,0
1183,59.150,56.150,0,590,0
1184,59.200,56.200,0,581,0
1185,59.250,56.250,0,576,0
1186,59.300,56.300,0,570,0
1187,59.350,56.350,0,565,0
1188,59.400,56.400,0,562,0
1189,59.450,56.450,0,556,0
1190,59.500,56.500,0,551,0
1191,59.550,56.550,0,544,0
1192,59.600,56.600,0,543,0
1193,59.650,56.650,0,536,0
1194,59.700,56.700,0,530,0
1195,59.750,56.750,0,528,0
1196,59.800,56.800,0,525,0
1197,59.850,56.850,0,511,0
1198,59.900,56.900,0,509,0
1199,59.950,56.950,0,503,0
1200,60.000,57.000,0,498,0
1201,60.050,57.050,0,496,0
1202,60.100,57.100,0,493,0
1203,60.150,57.150,0,487,0
1204,60.200,57.200,0,481,0
1205,60.250,57.250,0,480,0
1206,60.300,57.300,0,473,0
1207,60.350,57.350,0,471,0
1208,60.400,57.400,0,467,0
1209,60.450,57.450,0,464,0
1210,60.500,57.500,0,464,0
1211,60.550,57.550,0,461,0
1212,60.600,57.600,0,459,0
1213,60.650,57.650,0,451,0
1214,60.700,57.700,0,449,0
1215,60.750,57.750,0,448,0
1216,60.800,57.800,0,446,0
1217,60.850,57.850,0,441,0
1218,60.900,57.900,0,441,0
1219,60.950,57.950,0,439,0
1220,61.000,58.000,0,432,0
1221,61.050,58.050,0,432,0
1222,61.100,58.100,0,432,0
1223,61.150,58.150,0,431,0
1224,61.200,58.200,0,422,0
1225,61.250,58.250,0,425,0
1226,61.300,58.300,0,420,0
1227,61.350,58.350,0,417,0
1228,61.400,58.400,0,417,0
1229,61.450,58.450,0,411,0
1230,61.500,58.500,0,414,0
1231,61.550,58.550,0,411,0
1232,61.600,58.600,0,406,0
1233,61.650,58.650,0,404,0
1234,61.700,58.700,0,403,0
1235,61.750,58.750,0,403,0
1236,61.800,58.800,0,404,0
1237,61.850,58.850,0,401,0
1238,61.900,58.900,0,400,0
1239,61.950,58.950,0,401,0
1240,62.000,59.000,0,400,0
1241,62.050,59.050,0,401,0
1242,62.100,59.100,0,400,0
1243,62.150,59.150,0,400,0
1244,62.200,59.200,0,401,0
1245,62.250,59.250,0,400,0
1246,62.300,59.300,0,401,0
1247,62.350,59.350,0,400,0
1248,62.400,59.400,0,400,0
1249,62.450,59.450,0,400,0
1250,62.500,59.500,0,401,0
1251,62.550,59.550,0,400,0
1252,62.600,59.600,0,401,0
1253,62.650,59.650,0,404,0
1254,62.700,59.700,0,403,0
1255,62.750,59.750,0,402,0
1256,62.800,59.800,0,402,0
1257,62.850,59.850,0,402,0
1258,62.900,59.900,0,402,0
1259,62.950,59.950,0,406,0
1260,63.000,60.000,0,406,0
1261,63.050,60.050,0,401,0
1262,63.100,60.100,0,405,0
1263,63.150,60.150,0,406,0
1264,63.200,60.200,0,407,0
1265,63.250,60.250,0,405,0
1266,63.300,60.300,0,410,0
1267,63.350,60.350,0,407,0
1268,63.400,60.400,0,411,0
1269,63.450,60.450,0,413,0
1270,63.500,60.500,0,415,0
1271,63.550,60.550,0,414,0
1272,63.600,60.600,0,416,0
1273,63.650,60.650,0,417,0
1274,63.700,60.700,0,418,0
1275,63.750,60.750,0,420,0
1276,63.800,60.800,0,423,0
1277,63.850,60.850,0,427,0
1278,63.900,60.900,0,427,0
1279,63.950,60.950,0,429,0
1280,64.000,61.000,0,432,0
1281,64.050,61.050,0,430,0
1282,64.100,61.100,0,432,0
1283,64.150,61.150,0,432,0
1284,64.200,61.200,0,432,0
1285,64.250,61.250,0,432,0
1286,64.300,61.300,0,432,0
1287,64.350,61.350,0,429,0
1288,64.400,61.400,0,427,0
1289,64.450,61.450,0,427,0
1290,64.500,61.500,0,423,0
1291,64.550,61.550,0,419,0
1292,64.600,61.600,0,417,0
1293,64.650,61.650,0,416,0
1294,64.700,61.700,0,413,0
1295,64.750,61.750,0,409,0
1296,64.800,61.800,0,407,0
1297,64.850,61.850,0,403,0
1298,64.900,61.900,0,402,0
1299,64.950,61.950,0,399,0
1300,65.000,62.000,0,400,0
1301,65.050,62.050,0,396,0
1302,65.100,62.100,0,393,0
1303,65.150,62.150,0,389,0
1304,65.200,62.200,0,389,0
1305,65.250,62.250,0,385,0
1306,65.300,62.300,0,384,0
1307,65.350,62.350,0,380,0
1308,65.400,62.400,0,378,0
1309,65.450,62.450,0,370,0
1310,65.500,62.500,0,374,0
1311,65.550,62.550,0,368,0
1312,65.600,62.600,0,368,0
1313,65.650,62.650,0,366,0
1314,65.700,62.700,0,363,0
1315,65.750,62.750,0,357,0
1316,65.800,62.800,0,356,0
1317,65.850,62.850,0,353,0
1318,65.900,62.900,0,353,0
1319,65.950,62.950,0,349,0
1320,66.000,63.000,0,347,0
1321,66.050,63.050,0,342,0
1322,66.100,63.100,0,339,0
1323,66.150,63.150,0,337,0
1324,66.200,63.200,0,336,0
1325,66.250,63.250,0,334,0
1326,66.300,63.300,0,332,0
1327,66.350,63.350,0,327,0
1328,66.400,63.400,0,329,0
1329,66.450,63.450,0,325,0
1330,66.500,63.500,0,321,0
1331,66.550,63.550,0,320,0
1332,66.600,63.600,0,318,0
1333,66.650,63.650,0,318,0
1334,66.700,63.700,0,315,0
1335,66.750,63.750,0,312,0
1336,66.800,63.800,0,309,0
1337,66.850,63.850,0,307,0
1338,66.900,63.900,0,307,0
1339,66.950,63.950,0,306,0
1340,67.000,64.000,0,304,0
1341,67.050,64.050,0,303,0
1342,67.100,64.100,0,304,0
1343,67.150,64.150,0,295,0
1344,67.200,64.200,0,298,0
1345,67.250,64.250,0,294,0
1346,67.300,64.300,0,290,0
1347,67.350,64.350,0,289,0
1348,67.400,64.400,0,290,0
1349,67.450,64.450,0,283,0
1350,67.500,64.500,0,281,0
1351,67.550,64.550,0,282,0
1352,67.600,64.600,0,281,0
1353,67.650,64.650,0,275,0
1354,67.700,64.700,0,278,0
1355,67.750,64.750,0,274,0
1356,67.800,64.800,0,274,0
1357,67.850,64.850,0,272,0
1358,67.900,64.900,0,272,0
1359,67.950,64.950,0,270,0
1360,68.000,65.000,0,267,0
1361,68.050,65.050,0,269,0
1362,68.100,65.100,0,265,0
1363,68.150,65.150,0,266,0
1364,68.200,65.200,0,263,0
1365,68.250,65.250,0,265,0
1366,68.300,65.300,0,260,0
1367,68.350,65.350,0,260,0
1368,68.400,65.400,0,257,0
1369,68.450,65.450,0,259,0
1370,68.500,65.500,0,255,0
1371,68.550,65.550,0,256,0
1372,68.600,65.600,0,253,0
1373,68.650,65.650,0,251,0
1374,68.700,65.700,0,246,0
1375,68.750,65.750,0,249,0
1376,68.800,65.800,0,247,0
1377,68.850,65.850,0,245,0
1378,68.900,65.900,0,245,0
1379,68.950,65.950,0,243,0
1380,69.000,66.000,0,243,0
1381,69.050,66.050,0,241,0
1382,69.100,66.100,0,240,0
1383,69.150,66.150,0,243,0
1384,69.200,66.200,0,240,0
1385,69.250,66.250,0,240,0
1386,69.300,66.300,0,240,0
1387,69.350,66.350,0,240,0
1388,69.400,66.400,0,240,0
1389,69.450,66.450,0,237,0
1390,69.500,66.500,0,235,0
1391,69.550,66.550,0,237,0
1392,69.600,66.600,0,233,0
1393,69.650,66.650,0,233,0
1394,69.700,66.700,0,230,0
1395,69.750,66.750,0,233,0
1396,69.800,66.800,0,228,0
1397,69.850,66.850,0,225,0
1398,69.900,66.900,0,227,0
1399,69.950,66.950,0,231,0